{
  "project_info": {
    "project_number": "64406252397",
    "firebase_url": "https://items-98a6b.firebaseio.com",
    "project_id": "items-98a6b",
    "storage_bucket": "items-98a6b.appspot.com"
  },
  "client": [
    {
      "client_info": {
        "mobilesdk_app_id": "1:64406252397:android:65f4620101866ead01c864",
        "android_client_info": {
          "package_name": "com.example.items"
        }
      },
      "oauth_client": [
        {
          "client_id": "64406252397-etsfqvk4kud79a8dc2evabfpu5dpf7aa.apps.googleusercontent.com",
          "client_type": 3
        }
      ],
      "api_key": [
        {
          "current_key": "AIzaSyB_XXanF6NqTeuUCdWQyuEMg1JocCcuVT4"
        }
      ],
      "services": {
        "appinvite_service": {
          "other_platform_oauth_client": [
            {
              "client_id": "64406252397-etsfqvk4kud79a8dc2evabfpu5dpf7aa.apps.googleusercontent.com",
              "client_type": 3
            }
          ]
        }
      }
    }
  ],
  "configuration_version": "1"
}